Tarih;Saat;Tüketim Miktar?(MWh)
1.06.2025;00:00;33.758,78
1.06.2025;01:00;31.994,89
1.06.2025;02:00;30.335,27
1.06.2025;03:00;29.698,17
1.06.2025;04:00;29.203,16
1.06.2025;05:00;28.116,11
1.06.2025;06:00;27.211,88
1.06.2025;07:00;27.323,07
1.06.2025;08:00;28.930,20
1.06.2025;09:00;30.968,71
1.06.2025;10:00;32.748,52
1.06.2025;11:00;33.705,29
1.06.2025;12:00;33.756,02
1.06.2025;13:00;34.164,80
1.06.2025;14:00;34.447,11
1.06.2025;15:00;33.928,46
1.06.2025;16:00;33.981,85
1.06.2025;17:00;34.212,72
1.06.2025;18:00;34.876,80
1.06.2025;19:00;35.607,03
1.06.2025;20:00;37.131,08
1.06.2025;21:00;37.211,98
1.06.2025;22:00;35.693,44
1.06.2025;23:00;33.981,06
2.06.2025;00:00;32.347,35
2.06.2025;01:00;30.516,96
2.06.2025;02:00;29.409,55
2.06.2025;03:00;28.640,84
2.06.2025;04:00;28.554,99
2.06.2025;05:00;27.818,14
2.06.2025;06:00;27.659,20
2.06.2025;07:00;30.537,21
2.06.2025;08:00;36.102,17
2.06.2025;09:00;38.831,88
2.06.2025;10:00;40.188,48
2.06.2025;11:00;41.371,03
2.06.2025;12:00;40.241,85
2.06.2025;13:00;40.566,73
2.06.2025;14:00;41.554,14
2.06.2025;15:00;41.176,06
2.06.2025;16:00;41.154,87
2.06.2025;17:00;41.048,75
2.06.2025;18:00;40.104,70
2.06.2025;19:00;40.000,21
2.06.2025;20:00;41.186,36
2.06.2025;21:00;40.795,17
2.06.2025;22:00;39.043,65
2.06.2025;23:00;37.013,49
3.06.2025;00:00;34.781,36
3.06.2025;01:00;32.948,51
3.06.2025;02:00;31.540,33
3.06.2025;03:00;30.711,51
3.06.2025;04:00;30.489,87
3.06.2025;05:00;29.659,32
3.06.2025;06:00;29.579,81
3.06.2025;07:00;31.545,99
3.06.2025;08:00;36.958,67
3.06.2025;09:00;39.163,85
3.06.2025;10:00;40.831,60
3.06.2025;11:00;41.536,74
3.06.2025;12:00;40.448,43
3.06.2025;13:00;40.952,19
3.06.2025;14:00;41.905,79
3.06.2025;15:00;41.587,97
3.06.2025;16:00;41.440,16
3.06.2025;17:00;40.970,73
3.06.2025;18:00;40.075,30
3.06.2025;19:00;40.025,36
3.06.2025;20:00;41.370,47
3.06.2025;21:00;40.987,74
3.06.2025;22:00;39.251,16
3.06.2025;23:00;36.365,25
4.06.2025;00:00;34.827,64
4.06.2025;01:00;32.978,16
4.06.2025;02:00;31.535,87
4.06.2025;03:00;30.657,02
4.06.2025;04:00;30.347,06
4.06.2025;05:00;29.288,29
4.06.2025;06:00;28.489,39
4.06.2025;07:00;31.159,43
4.06.2025;08:00;35.793,80
4.06.2025;09:00;38.933,92
4.06.2025;10:00;40.368,07
4.06.2025;11:00;41.198,68
4.06.2025;12:00;40.244,57
4.06.2025;13:00;41.249,39
4.06.2025;14:00;41.566,44
4.06.2025;15:00;41.115,68
4.06.2025;16:00;40.251,74
4.06.2025;17:00;39.576,64
4.06.2025;18:00;38.637,85
4.06.2025;19:00;38.809,98
4.06.2025;20:00;40.022,24
4.06.2025;21:00;40.034,59
4.06.2025;22:00;38.242,51
4.06.2025;23:00;35.456,26
5.06.2025;00:00;33.140,14
5.06.2025;01:00;30.874,66
5.06.2025;02:00;29.191,52
5.06.2025;03:00;28.195,79
5.06.2025;04:00;27.561,56
5.06.2025;05:00;26.133,85
5.06.2025;06:00;24.946,43
5.06.2025;07:00;25.783,59
5.06.2025;08:00;28.296,04
5.06.2025;09:00;30.750,72
5.06.2025;10:00;32.868,18
5.06.2025;11:00;33.402,78
5.06.2025;12:00;33.143,03
5.06.2025;13:00;32.963,10
5.06.2025;14:00;33.030,06
5.06.2025;15:00;32.502,92
5.06.2025;16:00;32.087,94
5.06.2025;17:00;32.105,86
5.06.2025;18:00;32.679,90
5.06.2025;19:00;33.218,49
5.06.2025;20:00;34.393,29
5.06.2025;21:00;34.196,55
5.06.2025;22:00;32.803,64
5.06.2025;23:00;30.761,83
6.06.2025;00:00;28.217,39
6.06.2025;01:00;25.917,95
6.06.2025;02:00;24.199,94
6.06.2025;03:00;23.342,29
6.06.2025;04:00;23.021,43
6.06.2025;05:00;22.446,33
6.06.2025;06:00;22.006,80
6.06.2025;07:00;22.665,53
6.06.2025;08:00;23.695,91
6.06.2025;09:00;24.699,37
6.06.2025;10:00;25.283,45
6.06.2025;11:00;25.977,28
6.06.2025;12:00;26.555,04
6.06.2025;13:00;27.001,69
6.06.2025;14:00;27.217,61
6.06.2025;15:00;27.117,63
6.06.2025;16:00;27.233,18
6.06.2025;17:00;27.723,33
6.06.2025;18:00;28.342,30
6.06.2025;19:00;28.910,94
6.06.2025;20:00;30.511,92
6.06.2025;21:00;30.719,18
6.06.2025;22:00;29.673,13
6.06.2025;23:00;28.584,23
7.06.2025;00:00;27.397,95
7.06.2025;01:00;25.547,65
7.06.2025;02:00;24.291,34
7.06.2025;03:00;23.666,53
7.06.2025;04:00;23.162,68
7.06.2025;05:00;21.817,64
7.06.2025;06:00;21.558,75
7.06.2025;07:00;22.266,49
7.06.2025;08:00;24.107,63
7.06.2025;09:00;26.154,15
7.06.2025;10:00;28.130,86
7.06.2025;11:00;29.111,93
7.06.2025;12:00;29.509,86
7.06.2025;13:00;29.785,66
7.06.2025;14:00;29.593,23
7.06.2025;15:00;29.363,02
7.06.2025;16:00;29.272,58
7.06.2025;17:00;29.683,85
7.06.2025;18:00;29.918,09
7.06.2025;19:00;30.374,47
7.06.2025;20:00;31.891,72
7.06.2025;21:00;31.922,80
7.06.2025;22:00;30.727,76
7.06.2025;23:00;29.579,15
8.06.2025;00:00;28.331,73
8.06.2025;01:00;26.431,23
8.06.2025;02:00;25.246,75
8.06.2025;03:00;24.433,18
8.06.2025;04:00;23.913,47
8.06.2025;05:00;22.628,66
8.06.2025;06:00;22.188,73
8.06.2025;07:00;23.024,91
8.06.2025;08:00;24.836,07
8.06.2025;09:00;27.148,55
8.06.2025;10:00;29.244,67
8.06.2025;11:00;30.348,88
8.06.2025;12:00;30.792,37
8.06.2025;13:00;30.957,96
8.06.2025;14:00;30.945,95
8.06.2025;15:00;30.795,60
8.06.2025;16:00;30.740,52
8.06.2025;17:00;30.999,22
8.06.2025;18:00;31.208,31
8.06.2025;19:00;31.777,62
8.06.2025;20:00;33.265,81
8.06.2025;21:00;33.201,19
8.06.2025;22:00;32.003,86
8.06.2025;23:00;30.734,89
9.06.2025;00:00;28.895,10
9.06.2025;01:00;27.074,43
9.06.2025;02:00;25.738,77
9.06.2025;03:00;24.911,62
9.06.2025;04:00;24.366,09
9.06.2025;05:00;23.246,71
9.06.2025;06:00;22.869,36
9.06.2025;07:00;23.670,77
9.06.2025;08:00;26.076,61
9.06.2025;09:00;28.623,07
9.06.2025;10:00;31.241,91
9.06.2025;11:00;32.826,22
9.06.2025;12:00;33.396,38
9.06.2025;13:00;33.959,59
9.06.2025;14:00;33.980,74
9.06.2025;15:00;33.751,63
9.06.2025;16:00;33.780,04
9.06.2025;17:00;34.100,78
9.06.2025;18:00;34.123,44
9.06.2025;19:00;34.463,54
9.06.2025;20:00;35.853,98
9.06.2025;21:00;35.889,63
9.06.2025;22:00;34.664,30
9.06.2025;23:00;33.091,56
10.06.2025;00:00;31.611,27
10.06.2025;01:00;29.893,47
10.06.2025;02:00;28.586,62
10.06.2025;03:00;27.826,87
10.06.2025;04:00;27.400,53
10.06.2025;05:00;26.681,72
10.06.2025;06:00;27.036,63
10.06.2025;07:00;29.792,38
10.06.2025;08:00;36.025,46
10.06.2025;09:00;40.457,15
10.06.2025;10:00;42.597,30
10.06.2025;11:00;43.829,70
10.06.2025;12:00;43.295,82
10.06.2025;13:00;44.554,13
10.06.2025;14:00;45.613,87
10.06.2025;15:00;45.464,38
10.06.2025;16:00;45.325,09
10.06.2025;17:00;44.586,78
10.06.2025;18:00;43.452,63
10.06.2025;19:00;43.312,62
10.06.2025;20:00;44.366,61
10.06.2025;21:00;44.283,99
10.06.2025;22:00;42.398,24
10.06.2025;23:00;40.224,79
11.06.2025;00:00;37.005,22
11.06.2025;01:00;35.008,95
11.06.2025;02:00;33.656,35
11.06.2025;03:00;32.759,46
11.06.2025;04:00;32.105,09
11.06.2025;05:00;31.222,68
11.06.2025;06:00;31.898,24
11.06.2025;07:00;33.703,86
11.06.2025;08:00;39.553,67
11.06.2025;09:00;42.830,95
11.06.2025;10:00;44.214,28
11.06.2025;11:00;45.675,10
11.06.2025;12:00;44.941,06
11.06.2025;13:00;46.408,31
11.06.2025;14:00;47.542,81
11.06.2025;15:00;47.238,49
11.06.2025;16:00;46.550,25
11.06.2025;17:00;45.705,62
11.06.2025;18:00;44.043,31
11.06.2025;19:00;44.215,12
11.06.2025;20:00;45.407,72
11.06.2025;21:00;45.138,51
11.06.2025;22:00;43.331,89
11.06.2025;23:00;41.303,01
12.06.2025;00:00;38.800,30
12.06.2025;01:00;36.750,97
12.06.2025;02:00;35.127,74
12.06.2025;03:00;34.195,15
12.06.2025;04:00;33.641,93
12.06.2025;05:00;32.536,13
12.06.2025;06:00;32.510,62
12.06.2025;07:00;34.904,50
12.06.2025;08:00;40.469,23
12.06.2025;09:00;43.788,58
12.06.2025;10:00;45.745,09
12.06.2025;11:00;46.994,88
12.06.2025;12:00;46.161,77
12.06.2025;13:00;47.228,02
12.06.2025;14:00;48.341,72
12.06.2025;15:00;48.037,54
12.06.2025;16:00;47.486,64
12.06.2025;17:00;47.132,87
12.06.2025;18:00;45.752,20
12.06.2025;19:00;45.417,47
12.06.2025;20:00;46.441,23
12.06.2025;21:00;46.223,76
12.06.2025;22:00;44.478,54
12.06.2025;23:00;42.303,04
13.06.2025;00:00;39.524,24
13.06.2025;01:00;37.622,92
13.06.2025;02:00;36.119,76
13.06.2025;03:00;34.893,20
13.06.2025;04:00;34.454,92
13.06.2025;05:00;33.507,56
13.06.2025;06:00;33.361,94
13.06.2025;07:00;35.551,79
13.06.2025;08:00;41.293,55
13.06.2025;09:00;44.357,04
13.06.2025;10:00;46.128,31
13.06.2025;11:00;47.261,28
13.06.2025;12:00;45.621,07
13.06.2025;13:00;45.665,40
13.06.2025;14:00;47.718,33
13.06.2025;15:00;47.525,04
13.06.2025;16:00;46.815,55
13.06.2025;17:00;46.405,05
13.06.2025;18:00;44.887,32
13.06.2025;19:00;44.678,38
13.06.2025;20:00;45.701,25
13.06.2025;21:00;45.637,79
13.06.2025;22:00;43.918,76
13.06.2025;23:00;41.739,07
14.06.2025;00:00;39.511,71
14.06.2025;01:00;37.537,22
14.06.2025;02:00;35.990,13
14.06.2025;03:00;34.921,96
14.06.2025;04:00;34.205,73
14.06.2025;05:00;32.996,15
14.06.2025;06:00;32.562,41
14.06.2025;07:00;33.489,43
14.06.2025;08:00;37.284,64
14.06.2025;09:00;40.148,18
14.06.2025;10:00;42.117,61
14.06.2025;11:00;43.447,80
14.06.2025;12:00;42.702,58
14.06.2025;13:00;43.465,10
14.06.2025;14:00;43.642,86
14.06.2025;15:00;43.301,43
14.06.2025;16:00;42.816,79
14.06.2025;17:00;42.721,99
14.06.2025;18:00;42.619,55
14.06.2025;19:00;42.929,01
14.06.2025;20:00;43.452,78
14.06.2025;21:00;43.516,55
14.06.2025;22:00;41.821,09
14.06.2025;23:00;39.684,83
15.06.2025;00:00;37.343,91
15.06.2025;01:00;35.506,59
15.06.2025;02:00;33.981,53
15.06.2025;03:00;32.974,12
15.06.2025;04:00;32.269,81
15.06.2025;05:00;30.871,06
15.06.2025;06:00;29.858,23
15.06.2025;07:00;29.864,46
15.06.2025;08:00;31.632,59
15.06.2025;09:00;33.657,01
15.06.2025;10:00;35.586,37
15.06.2025;11:00;36.513,68
15.06.2025;12:00;36.762,24
15.06.2025;13:00;37.333,45
15.06.2025;14:00;37.801,42
15.06.2025;15:00;37.838,92
15.06.2025;16:00;37.665,35
15.06.2025;17:00;37.578,58
15.06.2025;18:00;38.015,59
15.06.2025;19:00;38.553,09
15.06.2025;20:00;40.031,61
15.06.2025;21:00;40.144,80
15.06.2025;22:00;38.812,96
15.06.2025;23:00;37.154,20
16.06.2025;00:00;35.613,04
16.06.2025;01:00;33.894,37
16.06.2025;02:00;32.542,22
16.06.2025;03:00;31.621,29
16.06.2025;04:00;31.118,95
16.06.2025;05:00;30.145,88
16.06.2025;06:00;30.334,60
16.06.2025;07:00;32.967,95
16.06.2025;08:00;39.274,14
16.06.2025;09:00;42.555,96
16.06.2025;10:00;44.013,88
16.06.2025;11:00;45.338,00
16.06.2025;12:00;44.177,57
16.06.2025;13:00;45.577,37
16.06.2025;14:00;46.584,47
16.06.2025;15:00;46.137,25
16.06.2025;16:00;46.060,84
16.06.2025;17:00;45.456,95
16.06.2025;18:00;44.535,44
16.06.2025;19:00;44.221,82
16.06.2025;20:00;45.397,55
16.06.2025;21:00;45.378,88
16.06.2025;22:00;43.534,79
16.06.2025;23:00;41.466,02
17.06.2025;00:00;38.960,96
17.06.2025;01:00;37.095,82
17.06.2025;02:00;35.648,66
17.06.2025;03:00;34.528,64
17.06.2025;04:00;34.289,51
17.06.2025;05:00;33.346,86
17.06.2025;06:00;33.085,78
17.06.2025;07:00;34.996,82
17.06.2025;08:00;40.793,89
17.06.2025;09:00;43.463,76
17.06.2025;10:00;44.910,21
17.06.2025;11:00;45.734,62
17.06.2025;12:00;44.559,05
17.06.2025;13:00;46.079,87
17.06.2025;14:00;47.624,74
17.06.2025;15:00;46.523,79
17.06.2025;16:00;46.738,43
17.06.2025;17:00;46.172,99
17.06.2025;18:00;45.076,01
17.06.2025;19:00;44.735,31
17.06.2025;20:00;45.807,62
17.06.2025;21:00;45.711,34
17.06.2025;22:00;43.866,96
17.06.2025;23:00;41.680,44
18.06.2025;00:00;39.205,69
18.06.2025;01:00;37.377,81
18.06.2025;02:00;35.970,76
18.06.2025;03:00;34.932,78
18.06.2025;04:00;34.411,79
18.06.2025;05:00;33.425,25
18.06.2025;06:00;33.261,82
18.06.2025;07:00;35.418,10
18.06.2025;08:00;41.051,60
18.06.2025;09:00;43.933,99
18.06.2025;10:00;45.365,27
18.06.2025;11:00;46.791,36
18.06.2025;12:00;45.616,54
18.06.2025;13:00;46.862,27
18.06.2025;14:00;47.752,36
18.06.2025;15:00;47.504,99
18.06.2025;16:00;47.632,95
18.06.2025;17:00;46.967,03
18.06.2025;18:00;45.877,97
18.06.2025;19:00;45.599,25
18.06.2025;20:00;46.479,41
18.06.2025;21:00;46.449,34
18.06.2025;22:00;44.164,54
18.06.2025;23:00;42.691,70
19.06.2025;00:00;40.196,33
19.06.2025;01:00;38.125,57
19.06.2025;02:00;36.496,65
19.06.2025;03:00;35.506,51
19.06.2025;04:00;34.998,90
19.06.2025;05:00;33.890,70
19.06.2025;06:00;33.570,80
19.06.2025;07:00;35.953,71
19.06.2025;08:00;41.499,98
19.06.2025;09:00;44.851,05
19.06.2025;10:00;46.614,94
19.06.2025;11:00;47.843,87
19.06.2025;12:00;46.728,05
19.06.2025;13:00;47.845,66
19.06.2025;14:00;48.917,13
19.06.2025;15:00;48.795,59
19.06.2025;16:00;48.690,36
19.06.2025;17:00;48.076,70
19.06.2025;18:00;46.792,59
19.06.2025;19:00;46.446,94
19.06.2025;20:00;47.548,52
19.06.2025;21:00;47.590,34
19.06.2025;22:00;45.643,34
19.06.2025;23:00;43.530,88
20.06.2025;00:00;40.674,59
20.06.2025;01:00;38.632,18
20.06.2025;02:00;36.999,05
20.06.2025;03:00;35.852,09
20.06.2025;04:00;35.189,63
20.06.2025;05:00;34.309,31
20.06.2025;06:00;34.031,53
20.06.2025;07:00;36.506,84
20.06.2025;08:00;41.373,21
20.06.2025;09:00;45.177,10
20.06.2025;10:00;46.677,12
20.06.2025;11:00;47.868,43
20.06.2025;12:00;46.496,52
20.06.2025;13:00;46.637,48
20.06.2025;14:00;48.909,84
20.06.2025;15:00;48.893,28
20.06.2025;16:00;48.762,12
20.06.2025;17:00;48.089,94
20.06.2025;18:00;46.828,72
20.06.2025;19:00;46.482,38
20.06.2025;20:00;47.363,70
20.06.2025;21:00;47.059,92
20.06.2025;22:00;45.365,51
20.06.2025;23:00;42.622,14
21.06.2025;00:00;40.818,74
21.06.2025;01:00;38.890,47
21.06.2025;02:00;37.310,35
21.06.2025;03:00;36.113,95
21.06.2025;04:00;35.365,57
21.06.2025;05:00;34.137,45
21.06.2025;06:00;33.776,49
21.06.2025;07:00;35.040,42
21.06.2025;08:00;39.029,89
21.06.2025;09:00;41.824,22
21.06.2025;10:00;43.595,57
21.06.2025;11:00;44.761,17
21.06.2025;12:00;44.267,69
21.06.2025;13:00;44.843,53
21.06.2025;14:00;45.606,78
21.06.2025;15:00;45.237,02
21.06.2025;16:00;44.439,42
21.06.2025;17:00;44.105,39
21.06.2025;18:00;44.100,62
21.06.2025;19:00;43.644,65
21.06.2025;20:00;44.572,81
21.06.2025;21:00;44.511,26
21.06.2025;22:00;42.735,18
21.06.2025;23:00;40.661,45
22.06.2025;00:00;37.960,15
22.06.2025;01:00;36.375,08
22.06.2025;02:00;34.702,38
22.06.2025;03:00;33.725,71
22.06.2025;04:00;32.881,41
22.06.2025;05:00;31.488,41
22.06.2025;06:00;30.349,54
22.06.2025;07:00;31.049,06
22.06.2025;08:00;32.624,03
22.06.2025;09:00;34.617,21
22.06.2025;10:00;36.438,15
22.06.2025;11:00;37.559,24
22.06.2025;12:00;37.802,50
22.06.2025;13:00;38.532,80
22.06.2025;14:00;38.773,82
22.06.2025;15:00;38.695,64
22.06.2025;16:00;38.276,10
22.06.2025;17:00;38.685,16
22.06.2025;18:00;38.938,16
22.06.2025;19:00;39.395,80
22.06.2025;20:00;40.979,96
22.06.2025;21:00;40.981,51
22.06.2025;22:00;39.885,12
22.06.2025;23:00;38.228,19
23.06.2025;00:00;36.639,38
23.06.2025;01:00;34.891,97
23.06.2025;02:00;33.556,09
23.06.2025;03:00;32.654,94
23.06.2025;04:00;32.173,24
23.06.2025;05:00;31.239,60
23.06.2025;06:00;31.421,26
23.06.2025;07:00;34.036,91
23.06.2025;08:00;40.599,81
23.06.2025;09:00;43.816,10
23.06.2025;10:00;45.513,68
23.06.2025;11:00;46.633,47
23.06.2025;12:00;45.684,86
23.06.2025;13:00;47.087,74
23.06.2025;14:00;48.455,94
23.06.2025;15:00;48.314,56
23.06.2025;16:00;48.371,46
23.06.2025;17:00;47.670,17
23.06.2025;18:00;46.431,92
23.06.2025;19:00;46.062,02
23.06.2025;20:00;46.955,44
23.06.2025;21:00;46.871,22
23.06.2025;22:00;45.179,64
23.06.2025;23:00;43.221,89
24.06.2025;00:00;40.619,40
24.06.2025;01:00;38.624,35
24.06.2025;02:00;37.031,17
24.06.2025;03:00;35.948,25
24.06.2025;04:00;35.462,15
24.06.2025;05:00;34.352,24
24.06.2025;06:00;34.024,37
24.06.2025;07:00;35.985,46
24.06.2025;08:00;41.419,28
24.06.2025;09:00;44.866,19
24.06.2025;10:00;46.513,97
24.06.2025;11:00;47.816,43
24.06.2025;12:00;46.792,08
24.06.2025;13:00;48.148,06
24.06.2025;14:00;49.302,34
24.06.2025;15:00;49.054,47
24.06.2025;16:00;48.917,80
24.06.2025;17:00;48.382,05
24.06.2025;18:00;46.865,40
24.06.2025;19:00;46.538,48
24.06.2025;20:00;47.403,80
24.06.2025;21:00;47.573,13
24.06.2025;22:00;45.891,55
24.06.2025;23:00;43.956,19
25.06.2025;00:00;41.573,69
25.06.2025;01:00;39.387,92
25.06.2025;02:00;37.834,69
25.06.2025;03:00;36.579,89
25.06.2025;04:00;36.038,40
25.06.2025;05:00;34.911,16
25.06.2025;06:00;34.551,00
25.06.2025;07:00;36.631,93
25.06.2025;08:00;42.511,19
25.06.2025;09:00;45.983,78
25.06.2025;10:00;47.842,33
25.06.2025;11:00;49.347,77
25.06.2025;12:00;48.012,63
25.06.2025;13:00;49.420,38
25.06.2025;14:00;50.720,60
25.06.2025;15:00;50.772,07
25.06.2025;16:00;50.576,59
25.06.2025;17:00;49.783,58
25.06.2025;18:00;48.096,13
25.06.2025;19:00;47.917,66
25.06.2025;20:00;48.854,44
25.06.2025;21:00;48.851,50
25.06.2025;22:00;47.052,48
25.06.2025;23:00;44.987,41
26.06.2025;00:00;42.424,07
26.06.2025;01:00;40.328,36
26.06.2025;02:00;38.592,17
26.06.2025;03:00;37.395,79
26.06.2025;04:00;36.896,84
26.06.2025;05:00;35.750,01
26.06.2025;06:00;35.580,67
26.06.2025;07:00;37.565,96
26.06.2025;08:00;43.358,18
26.06.2025;09:00;46.884,75
26.06.2025;10:00;48.425,37
26.06.2025;11:00;49.849,28
26.06.2025;12:00;49.563,52
26.06.2025;13:00;51.047,06
26.06.2025;14:00;52.407,02
26.06.2025;15:00;52.118,57
26.06.2025;16:00;51.831,42
26.06.2025;17:00;50.978,68
26.06.2025;18:00;49.624,29
26.06.2025;19:00;49.292,47
26.06.2025;20:00;50.218,48
26.06.2025;21:00;50.211,13
26.06.2025;22:00;48.459,74
26.06.2025;23:00;46.247,02
27.06.2025;00:00;43.497,95
27.06.2025;01:00;41.167,60
27.06.2025;02:00;39.530,50
27.06.2025;03:00;38.273,33
27.06.2025;04:00;37.032,52
27.06.2025;05:00;36.237,85
27.06.2025;06:00;36.086,47
27.06.2025;07:00;38.125,74
27.06.2025;08:00;44.120,36
27.06.2025;09:00;48.161,07
27.06.2025;10:00;49.988,61
27.06.2025;11:00;51.501,07
27.06.2025;12:00;50.481,35
27.06.2025;13:00;50.483,76
27.06.2025;14:00;53.146,87
27.06.2025;15:00;52.769,22
27.06.2025;16:00;52.594,20
27.06.2025;17:00;51.005,02
27.06.2025;18:00;49.823,11
27.06.2025;19:00;49.581,25
27.06.2025;20:00;50.328,52
27.06.2025;21:00;50.213,39
27.06.2025;22:00;48.358,19
27.06.2025;23:00;45.694,35
28.06.2025;00:00;43.556,30
28.06.2025;01:00;41.483,49
28.06.2025;02:00;39.805,33
28.06.2025;03:00;38.596,02
28.06.2025;04:00;37.777,00
28.06.2025;05:00;36.108,31
28.06.2025;06:00;35.581,22
28.06.2025;07:00;36.948,15
28.06.2025;08:00;41.046,09
28.06.2025;09:00;44.239,41
28.06.2025;10:00;46.364,39
28.06.2025;11:00;47.708,81
28.06.2025;12:00;47.433,19
28.06.2025;13:00;48.324,79
28.06.2025;14:00;48.832,68
28.06.2025;15:00;48.259,60
28.06.2025;16:00;47.640,63
28.06.2025;17:00;47.440,85
28.06.2025;18:00;47.385,28
28.06.2025;19:00;47.021,85
28.06.2025;20:00;47.831,94
28.06.2025;21:00;47.709,28
28.06.2025;22:00;46.083,61
28.06.2025;23:00;43.902,49
29.06.2025;00:00;41.314,91
29.06.2025;01:00;39.533,64
29.06.2025;02:00;37.604,91
29.06.2025;03:00;36.345,43
29.06.2025;04:00;35.703,95
29.06.2025;05:00;34.055,59
29.06.2025;06:00;32.993,25
29.06.2025;07:00;32.583,44
29.06.2025;08:00;34.637,64
29.06.2025;09:00;36.701,56
29.06.2025;10:00;38.122,76
29.06.2025;11:00;39.343,31
29.06.2025;12:00;39.601,11
29.06.2025;13:00;40.280,63
29.06.2025;14:00;40.464,02
29.06.2025;15:00;40.502,34
29.06.2025;16:00;40.457,86
29.06.2025;17:00;40.471,47
29.06.2025;18:00;40.765,81
29.06.2025;19:00;41.157,78
29.06.2025;20:00;42.425,32
29.06.2025;21:00;42.505,42
29.06.2025;22:00;41.384,55
29.06.2025;23:00;39.784,44
30.06.2025;00:00;38.101,47
30.06.2025;01:00;36.154,30
30.06.2025;02:00;34.966,77
30.06.2025;03:00;33.912,75
30.06.2025;04:00;33.435,00
30.06.2025;05:00;32.520,24
30.06.2025;06:00;32.556,68
30.06.2025;07:00;35.019,44
30.06.2025;08:00;41.447,52
30.06.2025;09:00;44.295,78
30.06.2025;10:00;46.034,92
30.06.2025;11:00;47.268,03
30.06.2025;12:00;46.461,62
30.06.2025;13:00;48.004,54
30.06.2025;14:00;48.893,10
30.06.2025;15:00;48.250,29
30.06.2025;16:00;48.188,71
30.06.2025;17:00;47.794,83
30.06.2025;18:00;46.749,34
30.06.2025;19:00;46.657,58
30.06.2025;20:00;47.824,39
30.06.2025;21:00;47.469,30
30.06.2025;22:00;46.261,42
30.06.2025;23:00;44.115,16
1.07.2025;00:00;41.620,89
1.07.2025;01:00;39.743,86
1.07.2025;02:00;38.202,18
1.07.2025;03:00;37.184,69
1.07.2025;04:00;36.532,57
1.07.2025;05:00;35.543,58
1.07.2025;06:00;35.359,22
1.07.2025;07:00;37.240,49
1.07.2025;08:00;42.935,78
1.07.2025;09:00;46.282,38
1.07.2025;10:00;47.920,02
1.07.2025;11:00;49.437,64
1.07.2025;12:00;48.667,41
1.07.2025;13:00;49.978,93
1.07.2025;14:00;51.082,20
1.07.2025;15:00;50.720,57
1.07.2025;16:00;50.394,24
1.07.2025;17:00;49.724,33
1.07.2025;18:00;48.308,18
1.07.2025;19:00;47.978,48
1.07.2025;20:00;48.829,12
1.07.2025;21:00;48.658,38
1.07.2025;22:00;47.077,85
1.07.2025;23:00;45.175,05
2.07.2025;00:00;42.616,60
2.07.2025;01:00;40.625,76
2.07.2025;02:00;39.114,14
2.07.2025;03:00;37.974,39
2.07.2025;04:00;37.320,07
2.07.2025;05:00;35.885,51
2.07.2025;06:00;35.827,98
2.07.2025;07:00;38.106,18
2.07.2025;08:00;43.643,27
2.07.2025;09:00;46.906,89
2.07.2025;10:00;48.376,50
2.07.2025;11:00;49.701,84
2.07.2025;12:00;48.511,15
2.07.2025;13:00;48.946,37
2.07.2025;14:00;49.445,23
2.07.2025;15:00;50.330,70
2.07.2025;16:00;49.921,98
2.07.2025;17:00;49.247,98
2.07.2025;18:00;48.173,03
2.07.2025;19:00;47.680,33
2.07.2025;20:00;48.484,09
2.07.2025;21:00;48.394,10
2.07.2025;22:00;46.698,97
2.07.2025;23:00;44.877,85
3.07.2025;00:00;42.240,48
3.07.2025;01:00;40.107,48
3.07.2025;02:00;38.689,77
3.07.2025;03:00;37.508,34
3.07.2025;04:00;36.761,67
3.07.2025;05:00;35.634,38
3.07.2025;06:00;35.480,99
3.07.2025;07:00;37.357,40
3.07.2025;08:00;42.992,59
3.07.2025;09:00;45.932,03
3.07.2025;10:00;46.978,53
3.07.2025;11:00;48.385,35
3.07.2025;12:00;47.120,70
3.07.2025;13:00;48.369,57
3.07.2025;14:00;49.330,10
3.07.2025;15:00;49.149,56
3.07.2025;16:00;49.154,95
3.07.2025;17:00;47.959,75
3.07.2025;18:00;46.898,50
3.07.2025;19:00;46.797,74
3.07.2025;20:00;47.577,65
3.07.2025;21:00;47.505,63
3.07.2025;22:00;45.859,28
3.07.2025;23:00;43.703,48
4.07.2025;00:00;41.316,28
4.07.2025;01:00;39.565,97
4.07.2025;02:00;38.066,19
4.07.2025;03:00;36.857,32
4.07.2025;04:00;36.226,21
4.07.2025;05:00;35.104,36
4.07.2025;06:00;34.707,21
4.07.2025;07:00;36.735,17
4.07.2025;08:00;42.150,02
4.07.2025;09:00;45.452,93
4.07.2025;10:00;47.248,31
4.07.2025;11:00;48.315,32
4.07.2025;12:00;47.085,38
4.07.2025;13:00;46.963,34
4.07.2025;14:00;49.340,05
4.07.2025;15:00;49.185,14
4.07.2025;16:00;48.987,68
4.07.2025;17:00;48.116,04
4.07.2025;18:00;46.891,68
4.07.2025;19:00;46.789,42
4.07.2025;20:00;47.726,69
4.07.2025;21:00;47.622,39
4.07.2025;22:00;46.119,46
4.07.2025;23:00;44.227,22
5.07.2025;00:00;41.654,43
5.07.2025;01:00;39.792,12
5.07.2025;02:00;38.331,05
5.07.2025;03:00;37.151,75
5.07.2025;04:00;36.464,17
5.07.2025;05:00;35.053,02
5.07.2025;06:00;34.392,89
5.07.2025;07:00;35.564,14
5.07.2025;08:00;39.252,08
5.07.2025;09:00;42.082,90
5.07.2025;10:00;44.010,97
5.07.2025;11:00;45.497,96
5.07.2025;12:00;44.944,94
5.07.2025;13:00;45.739,57
5.07.2025;14:00;46.102,30
5.07.2025;15:00;45.479,01
5.07.2025;16:00;44.751,22
5.07.2025;17:00;44.805,11
5.07.2025;18:00;44.781,48
5.07.2025;19:00;45.241,71
5.07.2025;20:00;46.235,05
5.07.2025;21:00;46.050,21
5.07.2025;22:00;44.255,94
5.07.2025;23:00;42.520,58
6.07.2025;00:00;39.969,51
6.07.2025;01:00;37.991,58
6.07.2025;02:00;36.298,76
6.07.2025;03:00;35.315,76
6.07.2025;04:00;34.563,45
6.07.2025;05:00;33.196,10
6.07.2025;06:00;32.211,88
6.07.2025;07:00;32.555,80
6.07.2025;08:00;33.967,74
6.07.2025;09:00;36.391,17
6.07.2025;10:00;38.529,11
6.07.2025;11:00;39.700,58
6.07.2025;12:00;40.432,12
6.07.2025;13:00;41.718,22
6.07.2025;14:00;42.051,54
6.07.2025;15:00;42.036,85
6.07.2025;16:00;41.683,28
6.07.2025;17:00;42.348,45
6.07.2025;18:00;42.633,40
6.07.2025;19:00;42.987,20
6.07.2025;20:00;44.148,33
6.07.2025;21:00;42.994,66
6.07.2025;22:00;43.112,59
6.07.2025;23:00;41.804,47
7.07.2025;00:00;40.008,12
7.07.2025;01:00;37.569,95
7.07.2025;02:00;36.579,68
7.07.2025;03:00;35.474,02
7.07.2025;04:00;34.946,88
7.07.2025;05:00;33.945,66
7.07.2025;06:00;33.861,43
7.07.2025;07:00;36.587,65
7.07.2025;08:00;43.668,29
7.07.2025;09:00;47.713,32
7.07.2025;10:00;50.095,03
7.07.2025;11:00;51.725,54
7.07.2025;12:00;51.164,33
7.07.2025;13:00;52.436,02
7.07.2025;14:00;54.071,42
7.07.2025;15:00;53.429,21
7.07.2025;16:00;53.426,63
7.07.2025;17:00;52.282,36
7.07.2025;18:00;50.986,30
7.07.2025;19:00;50.512,90
7.07.2025;20:00;51.299,66
7.07.2025;21:00;51.185,55
7.07.2025;22:00;49.369,43
7.07.2025;23:00;47.251,77
8.07.2025;00:00;44.447,40
8.07.2025;01:00;42.371,99
8.07.2025;02:00;40.911,03
8.07.2025;03:00;39.382,68
8.07.2025;04:00;38.572,88
8.07.2025;05:00;37.559,52
8.07.2025;06:00;37.084,56
8.07.2025;07:00;39.234,43
8.07.2025;08:00;45.480,18
8.07.2025;09:00;49.377,59
8.07.2025;10:00;51.186,72
8.07.2025;11:00;52.213,48
8.07.2025;12:00;52.110,03
8.07.2025;13:00;52.809,34
8.07.2025;14:00;54.442,68
8.07.2025;15:00;54.025,02
8.07.2025;16:00;53.635,70
8.07.2025;17:00;52.838,35
8.07.2025;18:00;51.203,06
8.07.2025;19:00;51.021,71
8.07.2025;20:00;51.916,84
8.07.2025;21:00;51.655,27
8.07.2025;22:00;49.772,79
8.07.2025;23:00;47.653,85
9.07.2025;00:00;45.097,58
9.07.2025;01:00;42.927,52
9.07.2025;02:00;41.179,67
9.07.2025;03:00;39.964,11
9.07.2025;04:00;39.150,44
9.07.2025;05:00;37.977,12
9.07.2025;06:00;37.355,01
9.07.2025;07:00;39.408,54
9.07.2025;08:00;46.186,00
9.07.2025;09:00;49.115,16
9.07.2025;10:00;51.638,84
9.07.2025;11:00;53.348,14
9.07.2025;12:00;52.270,91
9.07.2025;13:00;53.767,68
9.07.2025;14:00;55.072,11
9.07.2025;15:00;54.554,26
9.07.2025;16:00;54.351,21
9.07.2025;17:00;53.447,30
9.07.2025;18:00;52.150,52
9.07.2025;19:00;51.924,10
9.07.2025;20:00;52.771,02
9.07.2025;21:00;52.695,78
9.07.2025;22:00;51.044,96
9.07.2025;23:00;49.035,18
10.07.2025;00:00;46.427,09
10.07.2025;01:00;43.735,68
10.07.2025;02:00;42.082,83
10.07.2025;03:00;40.779,28
10.07.2025;04:00;39.851,46
10.07.2025;05:00;38.678,63
10.07.2025;06:00;38.234,08
10.07.2025;07:00;40.571,77
10.07.2025;08:00;46.231,70
10.07.2025;09:00;49.668,12
10.07.2025;10:00;51.478,96
10.07.2025;11:00;52.842,96
10.07.2025;12:00;52.382,13
10.07.2025;13:00;53.306,62
10.07.2025;14:00;54.177,18
10.07.2025;15:00;53.732,10
10.07.2025;16:00;53.213,76
10.07.2025;17:00;52.262,93
10.07.2025;18:00;50.749,68
10.07.2025;19:00;50.483,16
10.07.2025;20:00;51.424,86
10.07.2025;21:00;51.180,94
10.07.2025;22:00;49.816,43
10.07.2025;23:00;47.742,19
11.07.2025;00:00;45.535,08
11.07.2025;01:00;43.340,27
11.07.2025;02:00;41.382,43
11.07.2025;03:00;40.267,95
11.07.2025;04:00;39.308,17
11.07.2025;05:00;38.231,14
11.07.2025;06:00;37.664,48
11.07.2025;07:00;39.536,61
11.07.2025;08:00;46.094,83
11.07.2025;09:00;49.756,42
11.07.2025;10:00;50.964,59
11.07.2025;11:00;52.030,43
11.07.2025;12:00;51.131,94
11.07.2025;13:00;51.411,50
11.07.2025;14:00;53.416,60
11.07.2025;15:00;53.175,43
11.07.2025;16:00;53.158,65
11.07.2025;17:00;52.329,01
11.07.2025;18:00;50.917,46
11.07.2025;19:00;50.261,39
11.07.2025;20:00;51.131,63
11.07.2025;21:00;51.044,38
11.07.2025;22:00;49.455,85
11.07.2025;23:00;47.665,07
12.07.2025;00:00;45.314,36
12.07.2025;01:00;43.160,63
12.07.2025;02:00;41.419,80
12.07.2025;03:00;40.290,83
12.07.2025;04:00;39.347,53
12.07.2025;05:00;37.872,99
12.07.2025;06:00;37.125,77
12.07.2025;07:00;38.462,21
12.07.2025;08:00;42.742,35
12.07.2025;09:00;46.315,77
12.07.2025;10:00;48.514,09
12.07.2025;11:00;49.826,27
12.07.2025;12:00;49.147,75
12.07.2025;13:00;50.200,57
12.07.2025;14:00;50.584,44
12.07.2025;15:00;49.908,14
12.07.2025;16:00;49.334,57
12.07.2025;17:00;48.777,99
12.07.2025;18:00;48.555,43
12.07.2025;19:00;48.820,41
12.07.2025;20:00;49.807,21
12.07.2025;21:00;49.653,01
12.07.2025;22:00;48.065,37
12.07.2025;23:00;45.852,83
13.07.2025;00:00;43.449,09
13.07.2025;01:00;41.510,65
13.07.2025;02:00;39.812,69
13.07.2025;03:00;38.546,23
13.07.2025;04:00;37.588,79
13.07.2025;05:00;36.031,07
13.07.2025;06:00;34.756,21
13.07.2025;07:00;35.116,05
13.07.2025;08:00;36.746,65
13.07.2025;09:00;38.731,21
13.07.2025;10:00;41.184,33
13.07.2025;11:00;42.405,27
13.07.2025;12:00;42.856,41
13.07.2025;13:00;44.110,94
13.07.2025;14:00;43.904,40
13.07.2025;15:00;43.896,46
13.07.2025;16:00;44.333,49
13.07.2025;17:00;43.914,63
13.07.2025;18:00;44.423,66
13.07.2025;19:00;44.947,05
13.07.2025;20:00;46.060,54
13.07.2025;21:00;46.454,64
13.07.2025;22:00;45.434,23
13.07.2025;23:00;44.103,29
14.07.2025;00:00;42.367,93
14.07.2025;01:00;40.609,26
14.07.2025;02:00;39.034,87
14.07.2025;03:00;37.837,13
14.07.2025;04:00;37.009,37
14.07.2025;05:00;35.772,09
14.07.2025;06:00;35.505,24
14.07.2025;07:00;37.855,43
14.07.2025;08:00;44.377,21
14.07.2025;09:00;48.590,56
14.07.2025;10:00;50.758,43
14.07.2025;11:00;52.109,58
14.07.2025;12:00;51.526,27
14.07.2025;13:00;52.870,71
14.07.2025;14:00;54.006,63
14.07.2025;15:00;53.407,08
14.07.2025;16:00;52.856,00
14.07.2025;17:00;51.950,56
14.07.2025;18:00;50.353,04
14.07.2025;19:00;49.611,77
14.07.2025;20:00;50.674,17
14.07.2025;21:00;50.442,72
14.07.2025;22:00;48.667,78
14.07.2025;23:00;46.551,21
15.07.2025;00:00;43.957,78
15.07.2025;01:00;41.638,58
15.07.2025;02:00;39.949,56
15.07.2025;03:00;38.694,63
15.07.2025;04:00;37.807,66
15.07.2025;05:00;36.291,71
15.07.2025;06:00;35.627,63
15.07.2025;07:00;36.927,63
15.07.2025;08:00;40.680,57
15.07.2025;09:00;43.950,56
15.07.2025;10:00;46.726,67
15.07.2025;11:00;48.233,58
15.07.2025;12:00;48.409,40
15.07.2025;13:00;49.263,75
15.07.2025;14:00;49.932,53
15.07.2025;15:00;49.409,44
15.07.2025;16:00;48.790,77
15.07.2025;17:00;48.229,10
15.07.2025;18:00;47.593,65
15.07.2025;19:00;47.491,22
15.07.2025;20:00;48.311,95
15.07.2025;21:00;48.068,49
15.07.2025;22:00;46.519,06
15.07.2025;23:00;44.905,05
16.07.2025;00:00;43.233,68
16.07.2025;01:00;41.345,76
16.07.2025;02:00;39.836,66
16.07.2025;03:00;38.731,29
16.07.2025;04:00;38.084,22
16.07.2025;05:00;37.109,73
16.07.2025;06:00;37.024,92
16.07.2025;07:00;39.756,50
16.07.2025;08:00;46.424,71
16.07.2025;09:00;49.919,23
16.07.2025;10:00;52.091,63
16.07.2025;11:00;53.511,43
16.07.2025;12:00;53.160,35
16.07.2025;13:00;54.065,13
16.07.2025;14:00;55.481,84
16.07.2025;15:00;54.338,38
16.07.2025;16:00;53.629,85
16.07.2025;17:00;52.470,89
16.07.2025;18:00;50.791,97
16.07.2025;19:00;50.445,36
16.07.2025;20:00;51.331,06
16.07.2025;21:00;50.886,64
16.07.2025;22:00;49.239,88
16.07.2025;23:00;47.860,36
17.07.2025;00:00;45.408,83
17.07.2025;01:00;43.363,24
17.07.2025;02:00;41.549,38
17.07.2025;03:00;40.340,30
17.07.2025;04:00;39.339,03
17.07.2025;05:00;38.224,17
17.07.2025;06:00;37.782,60
17.07.2025;07:00;40.005,75
17.07.2025;08:00;46.443,68
17.07.2025;09:00;50.177,05
17.07.2025;10:00;52.159,11
17.07.2025;11:00;53.104,41
17.07.2025;12:00;53.122,88
17.07.2025;13:00;54.422,09
17.07.2025;14:00;55.496,71
17.07.2025;15:00;54.980,13
17.07.2025;16:00;54.633,29
17.07.2025;17:00;53.778,61
17.07.2025;18:00;51.976,38
17.07.2025;19:00;51.875,92
17.07.2025;20:00;53.732,37
17.07.2025;21:00;52.388,12
17.07.2025;22:00;50.865,48
17.07.2025;23:00;48.983,90
18.07.2025;00:00;46.302,09
18.07.2025;01:00;44.150,38
18.07.2025;02:00;42.268,71
18.07.2025;03:00;41.167,44
18.07.2025;04:00;40.250,80
18.07.2025;05:00;39.216,24
18.07.2025;06:00;38.812,78
18.07.2025;07:00;40.916,78
18.07.2025;08:00;47.002,20
18.07.2025;09:00;50.643,35
18.07.2025;10:00;52.757,63
18.07.2025;11:00;54.312,11
18.07.2025;12:00;53.169,07
18.07.2025;13:00;53.190,58
18.07.2025;14:00;55.588,07
18.07.2025;15:00;55.287,49
18.07.2025;16:00;54.995,24
18.07.2025;17:00;53.530,65
18.07.2025;18:00;51.615,03
18.07.2025;19:00;50.942,54
18.07.2025;20:00;51.672,66
18.07.2025;21:00;51.254,98
18.07.2025;22:00;49.703,73
18.07.2025;23:00;47.776,46
19.07.2025;00:00;45.447,63
19.07.2025;01:00;43.278,12
19.07.2025;02:00;41.682,65
19.07.2025;03:00;40.096,15
19.07.2025;04:00;39.232,01
19.07.2025;05:00;38.236,52
19.07.2025;06:00;37.400,08
19.07.2025;07:00;37.612,15
19.07.2025;08:00;41.953,52
19.07.2025;09:00;45.005,49
19.07.2025;10:00;47.288,23
19.07.2025;11:00;48.865,02
19.07.2025;12:00;48.543,82
19.07.2025;13:00;49.612,41
19.07.2025;14:00;50.151,01
19.07.2025;15:00;50.785,20
19.07.2025;16:00;49.910,88
19.07.2025;17:00;49.432,41
19.07.2025;18:00;49.096,66
19.07.2025;19:00;49.121,27
19.07.2025;20:00;50.076,35
19.07.2025;21:00;49.555,49
19.07.2025;22:00;48.237,12
19.07.2025;23:00;46.295,38
20.07.2025;00:00;43.667,14
20.07.2025;01:00;41.604,29
20.07.2025;02:00;39.976,15
20.07.2025;03:00;38.427,06
20.07.2025;04:00;37.477,65
20.07.2025;05:00;36.166,26
20.07.2025;06:00;34.942,54
20.07.2025;07:00;34.226,81
20.07.2025;08:00;35.742,73
20.07.2025;09:00;38.196,30
20.07.2025;10:00;40.450,90
20.07.2025;11:00;42.335,20
20.07.2025;12:00;43.089,83
20.07.2025;13:00;44.171,09
20.07.2025;14:00;44.015,26
20.07.2025;15:00;44.648,73
20.07.2025;16:00;44.438,63
20.07.2025;17:00;44.569,40
20.07.2025;18:00;44.631,22
20.07.2025;19:00;45.076,98
20.07.2025;20:00;46.423,98
20.07.2025;21:00;46.442,48
20.07.2025;22:00;45.396,45
20.07.2025;23:00;43.998,85
21.07.2025;00:00;42.752,18
21.07.2025;01:00;40.722,15
21.07.2025;02:00;39.145,89
21.07.2025;03:00;38.106,42
21.07.2025;04:00;37.244,82
21.07.2025;05:00;36.225,21
21.07.2025;06:00;35.911,37
21.07.2025;07:00;38.760,85
21.07.2025;08:00;45.856,10
21.07.2025;09:00;50.146,53
21.07.2025;10:00;52.743,16
21.07.2025;11:00;54.120,55
21.07.2025;12:00;53.526,76
21.07.2025;13:00;55.128,59
21.07.2025;14:00;56.209,43
21.07.2025;15:00;55.915,69
21.07.2025;16:00;55.569,94
21.07.2025;17:00;54.884,72
21.07.2025;18:00;53.299,28
21.07.2025;19:00;53.120,40
21.07.2025;20:00;53.852,43
21.07.2025;21:00;53.486,28
21.07.2025;22:00;51.745,85
21.07.2025;23:00;49.656,99
22.07.2025;00:00;46.877,99
22.07.2025;01:00;44.795,86
22.07.2025;02:00;42.952,12
22.07.2025;03:00;41.613,32
22.07.2025;04:00;40.745,16
22.07.2025;05:00;39.578,23
22.07.2025;06:00;38.846,03
22.07.2025;07:00;41.140,54
22.07.2025;08:00;47.400,65
22.07.2025;09:00;51.322,30
22.07.2025;10:00;53.315,86
22.07.2025;11:00;54.843,90
22.07.2025;12:00;54.351,51
22.07.2025;13:00;55.793,51
22.07.2025;14:00;57.190,38
22.07.2025;15:00;56.952,00
22.07.2025;16:00;56.611,79
22.07.2025;17:00;55.973,03
22.07.2025;18:00;54.431,97
22.07.2025;19:00;54.128,43
22.07.2025;20:00;53.635,67
22.07.2025;21:00;53.307,35
22.07.2025;22:00;52.685,91
22.07.2025;23:00;50.658,44
23.07.2025;00:00;47.965,24
23.07.2025;01:00;45.665,62
23.07.2025;02:00;43.818,66
23.07.2025;03:00;42.245,90
23.07.2025;04:00;41.395,77
23.07.2025;05:00;40.428,82
23.07.2025;06:00;39.517,33
23.07.2025;07:00;41.792,67
23.07.2025;08:00;48.175,42
23.07.2025;09:00;52.561,35
23.07.2025;10:00;54.889,32
23.07.2025;11:00;56.699,78
23.07.2025;12:00;56.064,14
23.07.2025;13:00;57.481,13
23.07.2025;14:00;58.751,46
23.07.2025;15:00;58.365,12
23.07.2025;16:00;57.990,83
23.07.2025;17:00;56.232,54
23.07.2025;18:00;55.236,80
23.07.2025;19:00;54.159,35
23.07.2025;20:00;54.797,49
23.07.2025;21:00;54.763,18
23.07.2025;22:00;53.166,41
23.07.2025;23:00;51.128,87
24.07.2025;00:00;48.451,22
24.07.2025;01:00;46.405,66
24.07.2025;02:00;44.692,44
24.07.2025;03:00;43.339,71
24.07.2025;04:00;42.141,22
24.07.2025;05:00;41.128,47
24.07.2025;06:00;39.993,52
24.07.2025;07:00;42.844,54
24.07.2025;08:00;49.345,09
24.07.2025;09:00;53.245,00
24.07.2025;10:00;55.353,18
24.07.2025;11:00;56.904,15
24.07.2025;12:00;56.635,26
24.07.2025;13:00;58.168,38
24.07.2025;14:00;59.168,57
24.07.2025;15:00;58.775,98
24.07.2025;16:00;58.315,63
24.07.2025;17:00;57.265,46
24.07.2025;18:00;55.545,86
24.07.2025;19:00;55.274,40
24.07.2025;20:00;56.304,23
24.07.2025;21:00;55.921,81
24.07.2025;22:00;54.251,61
24.07.2025;23:00;52.130,59
25.07.2025;00:00;49.536,69
25.07.2025;01:00;47.243,67
25.07.2025;02:00;45.311,87
25.07.2025;03:00;44.090,65
25.07.2025;04:00;42.808,53
25.07.2025;05:00;41.691,67
25.07.2025;06:00;41.158,89
25.07.2025;07:00;43.142,91
25.07.2025;08:00;49.230,70
25.07.2025;09:00;53.397,29
25.07.2025;10:00;55.862,85
25.07.2025;11:00;57.227,91
25.07.2025;12:00;56.480,36
25.07.2025;13:00;56.747,00
25.07.2025;14:00;58.998,99
25.07.2025;15:00;58.496,17
25.07.2025;16:00;57.792,06
25.07.2025;17:00;56.749,54
25.07.2025;18:00;55.050,43
25.07.2025;19:00;54.747,86
25.07.2025;20:00;55.543,40
25.07.2025;21:00;54.993,09
25.07.2025;22:00;53.317,40
25.07.2025;23:00;51.548,32
26.07.2025;00:00;49.014,87
26.07.2025;01:00;46.974,64
26.07.2025;02:00;45.204,75
26.07.2025;03:00;43.861,42
26.07.2025;04:00;42.850,58
26.07.2025;05:00;41.690,25
26.07.2025;06:00;40.544,48
26.07.2025;07:00;41.599,11
26.07.2025;08:00;45.684,05
26.07.2025;09:00;49.098,53
26.07.2025;10:00;50.662,21
26.07.2025;11:00;52.840,14
26.07.2025;12:00;52.493,01
26.07.2025;13:00;53.393,28
26.07.2025;14:00;53.898,81
26.07.2025;15:00;53.614,47
26.07.2025;16:00;53.167,61
26.07.2025;17:00;52.591,42
26.07.2025;18:00;52.481,82
26.07.2025;19:00;52.521,32
26.07.2025;20:00;53.328,01
26.07.2025;21:00;51.905,57
26.07.2025;22:00;51.089,30
26.07.2025;23:00;49.289,20
27.07.2025;00:00;46.892,51
27.07.2025;01:00;45.050,98
27.07.2025;02:00;43.117,16
27.07.2025;03:00;41.570,41
27.07.2025;04:00;40.689,99
27.07.2025;05:00;39.461,93
27.07.2025;06:00;37.987,67
27.07.2025;07:00;38.243,58
27.07.2025;08:00;40.009,04
27.07.2025;09:00;42.386,08
27.07.2025;10:00;44.747,40
27.07.2025;11:00;46.311,32
27.07.2025;12:00;47.227,25
27.07.2025;13:00;48.213,45
27.07.2025;14:00;48.223,22
27.07.2025;15:00;48.147,75
27.07.2025;16:00;47.873,12
27.07.2025;17:00;48.168,67
27.07.2025;18:00;48.270,72
27.07.2025;19:00;48.740,08
27.07.2025;20:00;50.307,74
27.07.2025;21:00;50.082,94
27.07.2025;22:00;49.130,97
27.07.2025;23:00;47.216,74
28.07.2025;00:00;45.663,01
28.07.2025;01:00;43.748,85
28.07.2025;02:00;41.971,52
28.07.2025;03:00;40.728,26
28.07.2025;04:00;39.849,88
28.07.2025;05:00;38.601,31
28.07.2025;06:00;38.183,52
28.07.2025;07:00;41.167,75
28.07.2025;08:00;48.165,13
28.07.2025;09:00;52.631,41
28.07.2025;10:00;55.352,62
28.07.2025;11:00;57.125,13
28.07.2025;12:00;56.630,00
28.07.2025;13:00;58.044,49
28.07.2025;14:00;59.503,67
28.07.2025;15:00;59.366,13
28.07.2025;16:00;59.130,85
28.07.2025;17:00;58.128,60
28.07.2025;18:00;55.729,21
28.07.2025;19:00;55.086,85
28.07.2025;20:00;55.038,60
28.07.2025;21:00;54.491,59
28.07.2025;22:00;53.571,20
28.07.2025;23:00;51.888,83
29.07.2025;00:00;49.252,27
29.07.2025;01:00;47.023,28
29.07.2025;02:00;45.109,70
29.07.2025;03:00;43.839,08
29.07.2025;04:00;42.503,61
29.07.2025;05:00;41.742,33
29.07.2025;06:00;40.836,01
29.07.2025;07:00;43.086,04
29.07.2025;08:00;49.406,60
29.07.2025;09:00;53.691,70
29.07.2025;10:00;55.975,76
29.07.2025;11:00;57.431,77
29.07.2025;12:00;56.752,43
29.07.2025;13:00;57.799,33
29.07.2025;14:00;58.823,58
29.07.2025;15:00;58.745,71
29.07.2025;16:00;58.232,30
29.07.2025;17:00;57.246,02
29.07.2025;18:00;55.608,45
29.07.2025;19:00;55.272,75
29.07.2025;20:00;55.360,10
29.07.2025;21:00;54.965,61
29.07.2025;22:00;53.793,70
29.07.2025;23:00;51.924,94
30.07.2025;00:00;49.329,92
30.07.2025;01:00;47.092,08
30.07.2025;02:00;45.266,66
30.07.2025;03:00;43.949,85
30.07.2025;04:00;42.851,81
30.07.2025;05:00;42.146,12
30.07.2025;06:00;41.477,53
30.07.2025;07:00;43.459,54
30.07.2025;08:00;49.473,32
30.07.2025;09:00;53.294,42
30.07.2025;10:00;55.389,89
30.07.2025;11:00;56.797,90
30.07.2025;12:00;56.001,95
30.07.2025;13:00;57.026,16
30.07.2025;14:00;58.514,44
30.07.2025;15:00;58.119,20
30.07.2025;16:00;57.511,16
30.07.2025;17:00;56.732,49
30.07.2025;18:00;55.011,39
30.07.2025;19:00;54.485,72
30.07.2025;20:00;55.549,87
30.07.2025;21:00;54.868,89
30.07.2025;22:00;53.122,03
30.07.2025;23:00;51.207,23
31.07.2025;00:00;48.719,05
31.07.2025;01:00;46.512,35
31.07.2025;02:00;44.677,75
31.07.2025;03:00;43.444,06
31.07.2025;04:00;42.240,39
31.07.2025;05:00;41.480,76
31.07.2025;06:00;40.528,53
31.07.2025;07:00;42.810,78
31.07.2025;08:00;49.119,15
31.07.2025;09:00;52.969,26
31.07.2025;10:00;54.544,74
31.07.2025;11:00;55.670,45
31.07.2025;12:00;55.087,15
31.07.2025;13:00;56.469,44
31.07.2025;14:00;57.612,75
31.07.2025;15:00;57.203,88
31.07.2025;16:00;56.829,32
31.07.2025;17:00;56.000,52
31.07.2025;18:00;54.117,15
31.07.2025;19:00;53.969,23
31.07.2025;20:00;54.763,59
31.07.2025;21:00;54.006,59
31.07.2025;22:00;52.260,61
31.07.2025;23:00;50.304,02
1.08.2025;00:00;47.862,39
1.08.2025;01:00;45.732,50
1.08.2025;02:00;44.115,56
1.08.2025;03:00;42.615,43
1.08.2025;04:00;41.641,22
1.08.2025;05:00;39.516,07
1.08.2025;06:00;40.094,63
1.08.2025;07:00;42.126,38
1.08.2025;08:00;48.398,31
1.08.2025;09:00;51.818,18
1.08.2025;10:00;53.691,23
1.08.2025;11:00;53.562,04
1.08.2025;12:00;53.010,24
1.08.2025;13:00;52.602,99
1.08.2025;14:00;55.314,91
1.08.2025;15:00;55.270,96
1.08.2025;16:00;54.787,25
1.08.2025;17:00;53.780,11
1.08.2025;18:00;51.886,41
1.08.2025;19:00;51.694,23
1.08.2025;20:00;52.574,58
1.08.2025;21:00;51.702,35
1.08.2025;22:00;50.127,61
1.08.2025;23:00;48.312,99
2.08.2025;00:00;46.099,40
2.08.2025;01:00;44.469,79
2.08.2025;02:00;42.803,21
2.08.2025;03:00;41.526,82
2.08.2025;04:00;40.564,11
2.08.2025;05:00;39.828,18
2.08.2025;06:00;38.526,90
2.08.2025;07:00;39.705,23
2.08.2025;08:00;43.899,69
2.08.2025;09:00;46.977,56
2.08.2025;10:00;49.032,66
2.08.2025;11:00;50.250,30
2.08.2025;12:00;50.107,20
2.08.2025;13:00;50.952,34
2.08.2025;14:00;51.509,05
2.08.2025;15:00;51.210,66
2.08.2025;16:00;50.518,13
2.08.2025;17:00;49.992,91
2.08.2025;18:00;49.433,14
2.08.2025;19:00;49.115,25
2.08.2025;20:00;50.327,84
2.08.2025;21:00;49.643,66
2.08.2025;22:00;48.011,32
2.08.2025;23:00;46.126,74
3.08.2025;00:00;43.273,47
3.08.2025;01:00;41.340,95
3.08.2025;02:00;39.826,12
3.08.2025;03:00;38.790,31
3.08.2025;04:00;37.690,30
3.08.2025;05:00;36.948,16
3.08.2025;06:00;35.308,70
3.08.2025;07:00;35.470,16
3.08.2025;08:00;37.227,07
3.08.2025;09:00;39.027,42
3.08.2025;10:00;41.170,47
3.08.2025;11:00;42.848,95
3.08.2025;12:00;43.492,65
3.08.2025;13:00;44.608,20
3.08.2025;14:00;45.022,43
3.08.2025;15:00;45.028,89
3.08.2025;16:00;45.096,37
3.08.2025;17:00;44.838,99
3.08.2025;18:00;45.073,39
3.08.2025;19:00;45.678,45
3.08.2025;20:00;47.277,66
3.08.2025;21:00;46.596,35
3.08.2025;22:00;45.545,79
3.08.2025;23:00;44.179,20
4.08.2025;00:00;42.542,93
4.08.2025;01:00;40.636,17
4.08.2025;02:00;39.135,97
4.08.2025;03:00;37.814,72
4.08.2025;04:00;37.018,73
4.08.2025;05:00;36.299,71
4.08.2025;06:00;35.664,02
4.08.2025;07:00;38.184,34
4.08.2025;08:00;45.050,36
4.08.2025;09:00;49.172,75
4.08.2025;10:00;51.376,30
4.08.2025;11:00;52.795,33
4.08.2025;12:00;52.328,02
4.08.2025;13:00;53.571,60
4.08.2025;14:00;55.098,53
4.08.2025;15:00;55.507,95
4.08.2025;16:00;54.554,08
4.08.2025;17:00;53.810,70
4.08.2025;18:00;52.113,36
4.08.2025;19:00;51.950,75
4.08.2025;20:00;53.007,44
4.08.2025;21:00;52.216,34
4.08.2025;22:00;50.622,44
4.08.2025;23:00;48.636,95
5.08.2025;00:00;46.098,28
5.08.2025;01:00;44.054,95
5.08.2025;02:00;42.361,10
5.08.2025;03:00;40.970,07
5.08.2025;04:00;39.798,95
5.08.2025;05:00;39.329,47
5.08.2025;06:00;38.473,95
5.08.2025;07:00;40.877,32
5.08.2025;08:00;46.985,70
5.08.2025;09:00;50.033,84
5.08.2025;10:00;52.633,24
5.08.2025;11:00;53.753,01
5.08.2025;12:00;53.240,30
5.08.2025;13:00;54.649,06
5.08.2025;14:00;56.150,79
5.08.2025;15:00;56.091,02
5.08.2025;16:00;55.825,90
5.08.2025;17:00;54.569,78
5.08.2025;18:00;52.872,84
5.08.2025;19:00;53.049,72
5.08.2025;20:00;54.182,62
5.08.2025;21:00;53.039,40
5.08.2025;22:00;51.393,38
5.08.2025;23:00;49.338,68
6.08.2025;00:00;46.954,40
6.08.2025;01:00;44.841,83
6.08.2025;02:00;43.406,95
6.08.2025;03:00;42.180,42
6.08.2025;04:00;41.141,74
6.08.2025;05:00;40.437,57
6.08.2025;06:00;39.520,06
6.08.2025;07:00;41.863,66
6.08.2025;08:00;47.686,45
6.08.2025;09:00;51.616,94
6.08.2025;10:00;53.507,28
6.08.2025;11:00;54.948,23
6.08.2025;12:00;54.556,40
6.08.2025;13:00;56.000,41
6.08.2025;14:00;56.770,53
6.08.2025;15:00;56.286,14
6.08.2025;16:00;56.536,66
6.08.2025;17:00;55.039,57
6.08.2025;18:00;53.586,69
6.08.2025;19:00;53.647,23
6.08.2025;20:00;54.565,24
6.08.2025;21:00;53.619,09
6.08.2025;22:00;52.113,56
6.08.2025;23:00;49.972,94
7.08.2025;00:00;47.388,81
7.08.2025;01:00;45.412,81
7.08.2025;02:00;43.636,36
7.08.2025;03:00;42.216,96
7.08.2025;04:00;41.085,41
7.08.2025;05:00;40.399,85
7.08.2025;06:00;39.680,28
7.08.2025;07:00;41.480,76
7.08.2025;08:00;47.177,64
7.08.2025;09:00;50.851,86
7.08.2025;10:00;53.076,84
7.08.2025;11:00;54.025,86
7.08.2025;12:00;53.613,60
7.08.2025;13:00;54.624,15
7.08.2025;14:00;56.635,93
7.08.2025;15:00;56.106,52
7.08.2025;16:00;55.957,70
7.08.2025;17:00;54.968,62
7.08.2025;18:00;53.335,93
7.08.2025;19:00;53.506,40
7.08.2025;20:00;54.564,66
7.08.2025;21:00;53.583,26
7.08.2025;22:00;51.771,81
7.08.2025;23:00;49.428,46
8.08.2025;00:00;47.592,79
8.08.2025;01:00;45.563,18
8.08.2025;02:00;43.742,59
8.08.2025;03:00;42.516,11
8.08.2025;04:00;41.074,15
8.08.2025;05:00;40.587,29
8.08.2025;06:00;39.998,82
8.08.2025;07:00;42.148,59
8.08.2025;08:00;47.597,15
8.08.2025;09:00;51.537,85
8.08.2025;10:00;54.123,98
8.08.2025;11:00;55.539,03
8.08.2025;12:00;54.374,76
8.08.2025;13:00;53.738,61
8.08.2025;14:00;56.826,20
8.08.2025;15:00;56.846,95
8.08.2025;16:00;56.736,52
8.08.2025;17:00;55.373,42
8.08.2025;18:00;53.190,19
8.08.2025;19:00;52.236,73
8.08.2025;20:00;53.757,93
8.08.2025;21:00;52.771,67
8.08.2025;22:00;51.094,74
8.08.2025;23:00;49.211,55
9.08.2025;00:00;46.998,04
9.08.2025;01:00;44.704,67
9.08.2025;02:00;43.060,06
9.08.2025;03:00;41.872,39
9.08.2025;04:00;40.917,08
9.08.2025;05:00;40.000,03
9.08.2025;06:00;38.847,82
9.08.2025;07:00;40.229,67
9.08.2025;08:00;44.586,35
9.08.2025;09:00;47.543,65
9.08.2025;10:00;49.960,96
9.08.2025;11:00;51.383,17
9.08.2025;12:00;51.193,43
9.08.2025;13:00;52.102,12
9.08.2025;14:00;52.349,94
9.08.2025;15:00;52.022,32
9.08.2025;16:00;51.573,99
9.08.2025;17:00;51.500,74
9.08.2025;18:00;51.485,60
9.08.2025;19:00;51.819,18
9.08.2025;20:00;52.782,94
9.08.2025;21:00;51.846,85
9.08.2025;22:00;50.283,05
9.08.2025;23:00;48.248,71
10.08.2025;00:00;46.131,77
10.08.2025;01:00;44.186,36
10.08.2025;02:00;42.475,02
10.08.2025;03:00;40.775,89
10.08.2025;04:00;39.573,58
10.08.2025;05:00;38.673,07
10.08.2025;06:00;36.991,72
10.08.2025;07:00;36.784,26
10.08.2025;08:00;38.406,33
10.08.2025;09:00;40.721,58
10.08.2025;10:00;43.167,97
10.08.2025;11:00;44.747,38
10.08.2025;12:00;45.914,18
10.08.2025;13:00;47.558,70
10.08.2025;14:00;47.302,61
10.08.2025;15:00;47.496,89
10.08.2025;16:00;47.401,42
10.08.2025;17:00;47.199,75
10.08.2025;18:00;47.525,97
10.08.2025;19:00;48.332,51
10.08.2025;20:00;49.142,18
10.08.2025;21:00;48.865,26
10.08.2025;22:00;47.873,70
10.08.2025;23:00;46.327,55
11.08.2025;00:00;44.441,51
11.08.2025;01:00;42.646,81
11.08.2025;02:00;41.265,46
11.08.2025;03:00;39.826,96
11.08.2025;04:00;38.716,19
11.08.2025;05:00;38.120,49
11.08.2025;06:00;37.568,50
11.08.2025;07:00;40.064,58
11.08.2025;08:00;46.875,33
11.08.2025;09:00;50.632,41
11.08.2025;10:00;53.122,59
11.08.2025;11:00;54.602,28
11.08.2025;12:00;54.242,75
11.08.2025;13:00;55.837,58
11.08.2025;14:00;57.010,11
11.08.2025;15:00;56.577,97
11.08.2025;16:00;56.490,61
11.08.2025;17:00;55.387,22
11.08.2025;18:00;54.028,08
11.08.2025;19:00;54.181,49
11.08.2025;20:00;54.988,83
11.08.2025;21:00;53.917,91
11.08.2025;22:00;52.149,83
11.08.2025;23:00;49.973,04
12.08.2025;00:00;47.551,24
12.08.2025;01:00;45.468,09
12.08.2025;02:00;43.620,28
12.08.2025;03:00;42.209,87
12.08.2025;04:00;41.129,38
12.08.2025;05:00;40.347,81
12.08.2025;06:00;40.015,79
12.08.2025;07:00;41.849,86
12.08.2025;08:00;47.436,45
12.08.2025;09:00;50.957,12
12.08.2025;10:00;53.072,61
12.08.2025;11:00;54.814,41
12.08.2025;12:00;53.971,32
12.08.2025;13:00;55.423,41
12.08.2025;14:00;56.694,03
12.08.2025;15:00;56.789,62
12.08.2025;16:00;56.095,81
12.08.2025;17:00;55.403,51
12.08.2025;18:00;54.062,38
12.08.2025;19:00;53.842,77
12.08.2025;20:00;55.013,93
12.08.2025;21:00;53.518,60
12.08.2025;22:00;51.948,12
12.08.2025;23:00;49.892,35
13.08.2025;00:00;47.127,78
13.08.2025;01:00;45.303,69
13.08.2025;02:00;42.210,82
13.08.2025;03:00;42.461,40
13.08.2025;04:00;41.180,26
13.08.2025;05:00;40.465,17
13.08.2025;06:00;39.623,57
13.08.2025;07:00;41.789,77
13.08.2025;08:00;47.713,96
13.08.2025;09:00;51.375,78
13.08.2025;10:00;53.170,95
13.08.2025;11:00;54.326,03
13.08.2025;12:00;54.390,86
13.08.2025;13:00;55.701,17
13.08.2025;14:00;56.777,64
13.08.2025;15:00;56.142,49
13.08.2025;16:00;56.637,70
13.08.2025;17:00;55.343,43
13.08.2025;18:00;53.768,38
13.08.2025;19:00;53.914,75
13.08.2025;20:00;54.656,11
13.08.2025;21:00;53.475,04
13.08.2025;22:00;51.724,50
13.08.2025;23:00;49.703,09
14.08.2025;00:00;47.240,14
14.08.2025;01:00;45.227,51
14.08.2025;02:00;43.524,71
14.08.2025;03:00;42.157,93
14.08.2025;04:00;41.200,21
14.08.2025;05:00;40.581,38
14.08.2025;06:00;39.775,96
14.08.2025;07:00;41.481,51
14.08.2025;08:00;47.194,21
14.08.2025;09:00;50.515,47
14.08.2025;10:00;52.575,30
14.08.2025;11:00;54.021,75
14.08.2025;12:00;53.755,06
14.08.2025;13:00;54.842,05
14.08.2025;14:00;56.168,64
14.08.2025;15:00;56.040,83
14.08.2025;16:00;55.862,32
14.08.2025;17:00;54.573,54
14.08.2025;18:00;53.318,42
14.08.2025;19:00;53.454,75
14.08.2025;20:00;54.409,27
14.08.2025;21:00;53.155,87
14.08.2025;22:00;51.358,32
14.08.2025;23:00;49.167,23
15.08.2025;00:00;46.991,67
15.08.2025;01:00;45.002,69
15.08.2025;02:00;43.190,17
15.08.2025;03:00;41.952,12
15.08.2025;04:00;40.975,98
15.08.2025;05:00;40.411,41
15.08.2025;06:00;39.485,46
15.08.2025;07:00;41.532,46
15.08.2025;08:00;46.924,34
15.08.2025;09:00;50.497,84
15.08.2025;10:00;52.181,66
15.08.2025;11:00;53.601,68
15.08.2025;12:00;52.725,54
15.08.2025;13:00;53.044,61
15.08.2025;14:00;55.325,22
15.08.2025;15:00;55.071,69
15.08.2025;16:00;54.073,23
15.08.2025;17:00;53.653,37
15.08.2025;18:00;51.846,13
15.08.2025;19:00;52.153,72
15.08.2025;20:00;52.915,06
15.08.2025;21:00;51.653,50
15.08.2025;22:00;50.180,31
15.08.2025;23:00;48.143,52
16.08.2025;00:00;45.966,12
16.08.2025;01:00;43.945,81
16.08.2025;02:00;42.397,32
16.08.2025;03:00;40.932,16
16.08.2025;04:00;39.970,67
16.08.2025;05:00;39.194,83
16.08.2025;06:00;37.959,37
16.08.2025;07:00;39.017,50
16.08.2025;08:00;42.888,68
16.08.2025;09:00;45.926,35
16.08.2025;10:00;47.617,48
16.08.2025;11:00;48.444,85
16.08.2025;12:00;48.440,80
16.08.2025;13:00;49.594,23
16.08.2025;14:00;49.193,04
16.08.2025;15:00;49.041,93
16.08.2025;16:00;48.634,32
16.08.2025;17:00;48.435,15
16.08.2025;18:00;48.475,68
16.08.2025;19:00;49.237,07
16.08.2025;20:00;49.897,14
16.08.2025;21:00;48.725,20
16.08.2025;22:00;47.191,49
16.08.2025;23:00;45.173,78
17.08.2025;00:00;43.232,69
17.08.2025;01:00;41.524,64
17.08.2025;02:00;39.879,21
17.08.2025;03:00;38.596,45
17.08.2025;04:00;37.563,68
17.08.2025;05:00;36.688,95
17.08.2025;06:00;35.391,48
17.08.2025;07:00;35.078,10
17.08.2025;08:00;36.364,20
17.08.2025;09:00;37.901,13
17.08.2025;10:00;40.274,74
17.08.2025;11:00;41.527,57
17.08.2025;12:00;42.424,43
17.08.2025;13:00;43.425,54
17.08.2025;14:00;43.664,50
17.08.2025;15:00;44.064,53
17.08.2025;16:00;43.695,06
17.08.2025;17:00;43.803,58
17.08.2025;18:00;44.452,68
17.08.2025;19:00;45.538,91
17.08.2025;20:00;46.940,59
17.08.2025;21:00;46.034,94
17.08.2025;22:00;43.375,95
17.08.2025;23:00;43.351,40
18.08.2025;00:00;41.671,68
18.08.2025;01:00;39.926,96
18.08.2025;02:00;38.515,32
18.08.2025;03:00;37.510,14
18.08.2025;04:00;37.005,16
18.08.2025;05:00;36.336,38
18.08.2025;06:00;36.350,10
18.08.2025;07:00;38.450,00
18.08.2025;08:00;45.206,89
18.08.2025;09:00;48.702,73
18.08.2025;10:00;50.620,05
18.08.2025;11:00;52.104,91
18.08.2025;12:00;51.452,24
18.08.2025;13:00;52.686,61
18.08.2025;14:00;54.053,24
18.08.2025;15:00;53.928,90
18.08.2025;16:00;53.738,66
18.08.2025;17:00;53.091,91
18.08.2025;18:00;51.769,77
18.08.2025;19:00;51.684,09
18.08.2025;20:00;52.458,21
18.08.2025;21:00;50.920,42
18.08.2025;22:00;49.177,25
18.08.2025;23:00;46.985,24
19.08.2025;00:00;44.781,68
19.08.2025;01:00;42.987,30
19.08.2025;02:00;41.452,53
19.08.2025;03:00;40.275,09
19.08.2025;04:00;39.525,76
19.08.2025;05:00;38.848,69
19.08.2025;06:00;37.930,43
19.08.2025;07:00;39.643,48
19.08.2025;08:00;45.646,15
19.08.2025;09:00;49.114,90
19.08.2025;10:00;50.239,86
19.08.2025;11:00;52.242,26
19.08.2025;12:00;51.128,35
19.08.2025;13:00;52.866,73
19.08.2025;14:00;54.095,12
19.08.2025;15:00;53.623,25
19.08.2025;16:00;53.592,31
19.08.2025;17:00;52.912,17
19.08.2025;18:00;51.545,65
19.08.2025;19:00;51.687,71
19.08.2025;20:00;52.616,98
19.08.2025;21:00;51.133,41
19.08.2025;22:00;49.438,31
19.08.2025;23:00;47.318,56
20.08.2025;00:00;45.176,22
20.08.2025;01:00;43.232,76
20.08.2025;02:00;41.799,43
20.08.2025;03:00;40.580,61
20.08.2025;04:00;39.435,51
20.08.2025;05:00;39.212,59
20.08.2025;06:00;38.437,55
20.08.2025;07:00;40.494,80
20.08.2025;08:00;46.065,87
20.08.2025;09:00;49.118,61
20.08.2025;10:00;51.166,95
20.08.2025;11:00;52.161,18
20.08.2025;12:00;51.233,86
20.08.2025;13:00;52.508,92
20.08.2025;14:00;53.687,76
20.08.2025;15:00;53.502,68
20.08.2025;16:00;52.901,17
20.08.2025;17:00;52.274,09
20.08.2025;18:00;50.994,80
20.08.2025;19:00;51.524,85
20.08.2025;20:00;52.215,03
20.08.2025;21:00;50.923,23
20.08.2025;22:00;49.373,53
20.08.2025;23:00;45.823,16
21.08.2025;00:00;44.818,22
21.08.2025;01:00;42.933,22
21.08.2025;02:00;41.221,93
21.08.2025;03:00;39.959,86
21.08.2025;04:00;39.493,86
21.08.2025;05:00;38.977,54
21.08.2025;06:00;38.247,59
21.08.2025;07:00;40.068,76
21.08.2025;08:00;45.404,02
21.08.2025;09:00;48.835,21
21.08.2025;10:00;50.462,57
21.08.2025;11:00;51.741,77
21.08.2025;12:00;50.930,99
21.08.2025;13:00;52.208,08
21.08.2025;14:00;53.600,60
21.08.2025;15:00;53.693,11
21.08.2025;16:00;53.397,86
21.08.2025;17:00;52.731,70
21.08.2025;18:00;51.408,09
21.08.2025;19:00;51.732,15
21.08.2025;20:00;52.511,67
21.08.2025;21:00;51.075,64
21.08.2025;22:00;49.249,39
21.08.2025;23:00;46.870,10
22.08.2025;00:00;44.864,51
22.08.2025;01:00;42.926,73
22.08.2025;02:00;41.191,92
22.08.2025;03:00;39.954,41
22.08.2025;04:00;39.207,94
22.08.2025;05:00;38.839,75
22.08.2025;06:00;38.261,23
22.08.2025;07:00;39.906,69
22.08.2025;08:00;45.328,53
22.08.2025;09:00;48.612,57
22.08.2025;10:00;50.412,94
22.08.2025;11:00;51.810,96
22.08.2025;12:00;50.838,54
22.08.2025;13:00;51.587,68
22.08.2025;14:00;53.719,40
22.08.2025;15:00;53.779,12
22.08.2025;16:00;53.776,87
22.08.2025;17:00;53.425,72
22.08.2025;18:00;52.104,14
22.08.2025;19:00;52.239,53
22.08.2025;20:00;52.600,72
22.08.2025;21:00;51.160,01
22.08.2025;22:00;49.154,14
22.08.2025;23:00;45.898,49
23.08.2025;00:00;44.809,46
23.08.2025;01:00;42.748,48
23.08.2025;02:00;41.201,39
23.08.2025;03:00;39.839,14
23.08.2025;04:00;38.870,70
23.08.2025;05:00;38.482,23
23.08.2025;06:00;37.202,25
23.08.2025;07:00;38.084,88
23.08.2025;08:00;41.983,49
23.08.2025;09:00;45.459,78
23.08.2025;10:00;47.606,24
23.08.2025;11:00;48.922,56
23.08.2025;12:00;48.795,07
23.08.2025;13:00;49.797,79
23.08.2025;14:00;50.254,86
23.08.2025;15:00;50.023,88
23.08.2025;16:00;49.386,16
23.08.2025;17:00;49.156,62
23.08.2025;18:00;49.193,33
23.08.2025;19:00;49.818,30
23.08.2025;20:00;50.409,55
23.08.2025;21:00;49.035,04
23.08.2025;22:00;47.346,40
23.08.2025;23:00;45.243,73
24.08.2025;00:00;43.257,62
24.08.2025;01:00;41.442,55
24.08.2025;02:00;39.540,19
24.08.2025;03:00;38.472,24
24.08.2025;04:00;37.384,92
24.08.2025;05:00;36.532,52
24.08.2025;06:00;34.711,19
24.08.2025;07:00;34.778,77
24.08.2025;08:00;36.447,40
24.08.2025;09:00;38.292,19
24.08.2025;10:00;40.347,97
24.08.2025;11:00;41.747,01
24.08.2025;12:00;42.345,11
24.08.2025;13:00;43.363,10
24.08.2025;14:00;43.614,88
24.08.2025;15:00;43.433,78
24.08.2025;16:00;43.175,86
24.08.2025;17:00;43.652,47
24.08.2025;18:00;44.094,45
24.08.2025;19:00;45.337,85
24.08.2025;20:00;46.188,24
24.08.2025;21:00;44.909,31
24.08.2025;22:00;43.862,33
24.08.2025;23:00;42.521,43
25.08.2025;00:00;40.945,33
25.08.2025;01:00;39.184,04
25.08.2025;02:00;37.914,94
25.08.2025;03:00;36.885,27
25.08.2025;04:00;36.087,76
25.08.2025;05:00;35.792,26
25.08.2025;06:00;35.375,05
25.08.2025;07:00;37.689,17
25.08.2025;08:00;44.131,81
25.08.2025;09:00;47.401,73
25.08.2025;10:00;49.379,48
25.08.2025;11:00;50.319,86
25.08.2025;12:00;49.394,90
25.08.2025;13:00;50.815,45
25.08.2025;14:00;52.053,87
25.08.2025;15:00;51.719,89
25.08.2025;16:00;51.807,39
25.08.2025;17:00;51.555,00
25.08.2025;18:00;50.180,23
25.08.2025;19:00;50.552,35
25.08.2025;20:00;50.864,56
25.08.2025;21:00;49.512,30
25.08.2025;22:00;47.780,78
25.08.2025;23:00;45.966,22
26.08.2025;00:00;43.921,52
26.08.2025;01:00;42.084,70
26.08.2025;02:00;40.501,00
26.08.2025;03:00;39.392,50
26.08.2025;04:00;38.444,04
26.08.2025;05:00;38.103,29
26.08.2025;06:00;37.190,48
26.08.2025;07:00;39.359,43
26.08.2025;08:00;44.559,71
26.08.2025;09:00;47.965,24
26.08.2025;10:00;49.029,80
26.08.2025;11:00;50.366,38
26.08.2025;12:00;49.512,46
26.08.2025;13:00;50.904,65
26.08.2025;14:00;52.109,34
26.08.2025;15:00;51.920,74
26.08.2025;16:00;51.788,60
26.08.2025;17:00;51.288,73
26.08.2025;18:00;50.018,97
26.08.2025;19:00;50.485,40
26.08.2025;20:00;50.932,16
26.08.2025;21:00;49.251,98
26.08.2025;22:00;47.637,91
26.08.2025;23:00;45.660,72
27.08.2025;00:00;43.603,41
27.08.2025;01:00;41.804,62
27.08.2025;02:00;40.236,08
27.08.2025;03:00;39.010,89
27.08.2025;04:00;38.176,93
27.08.2025;05:00;37.829,02
27.08.2025;06:00;36.967,28
27.08.2025;07:00;38.651,03
27.08.2025;08:00;44.279,83
27.08.2025;09:00;47.238,00
27.08.2025;10:00;48.569,29
27.08.2025;11:00;49.769,12
27.08.2025;12:00;48.991,04
27.08.2025;13:00;50.471,53
27.08.2025;14:00;51.509,33
27.08.2025;15:00;51.322,29
27.08.2025;16:00;51.367,40
27.08.2025;17:00;51.283,64
27.08.2025;18:00;50.084,51
27.08.2025;19:00;50.905,93
27.08.2025;20:00;51.308,62
27.08.2025;21:00;49.569,39
27.08.2025;22:00;48.234,93
27.08.2025;23:00;46.317,61
28.08.2025;00:00;43.911,12
28.08.2025;01:00;41.847,52
28.08.2025;02:00;40.313,07
28.08.2025;03:00;39.037,55
28.08.2025;04:00;38.391,72
28.08.2025;05:00;38.040,00
28.08.2025;06:00;37.273,84
28.08.2025;07:00;39.010,76
28.08.2025;08:00;44.687,35
28.08.2025;09:00;47.482,82
28.08.2025;10:00;48.945,32
28.08.2025;11:00;50.218,35
28.08.2025;12:00;49.394,97
28.08.2025;13:00;50.611,77
28.08.2025;14:00;52.139,75
28.08.2025;15:00;51.919,45
28.08.2025;16:00;51.914,20
28.08.2025;17:00;51.499,16
28.08.2025;18:00;50.343,50
28.08.2025;19:00;51.122,74
28.08.2025;20:00;51.269,57
28.08.2025;21:00;49.647,15
28.08.2025;22:00;47.939,21
28.08.2025;23:00;45.963,00
29.08.2025;00:00;43.587,56
29.08.2025;01:00;41.658,97
29.08.2025;02:00;39.937,86
29.08.2025;03:00;38.974,96
29.08.2025;04:00;37.983,04
29.08.2025;05:00;37.897,77
29.08.2025;06:00;37.296,61
29.08.2025;07:00;38.967,77
29.08.2025;08:00;44.142,75
29.08.2025;09:00;47.398,07
29.08.2025;10:00;49.032,48
29.08.2025;11:00;50.269,30
29.08.2025;12:00;48.923,22
29.08.2025;13:00;49.172,24
29.08.2025;14:00;51.409,28
29.08.2025;15:00;51.110,22
29.08.2025;16:00;51.442,72
29.08.2025;17:00;50.354,13
29.08.2025;18:00;49.473,92
29.08.2025;19:00;50.072,81
29.08.2025;20:00;50.141,44
29.08.2025;21:00;48.285,32
29.08.2025;22:00;46.458,34
29.08.2025;23:00;44.295,97
30.08.2025;00:00;41.563,83
30.08.2025;01:00;39.566,87
30.08.2025;02:00;37.950,72
30.08.2025;03:00;36.444,20
30.08.2025;04:00;35.648,69
30.08.2025;05:00;35.094,53
30.08.2025;06:00;33.995,78
30.08.2025;07:00;34.254,65
30.08.2025;08:00;37.016,59
30.08.2025;09:00;39.572,20
30.08.2025;10:00;41.972,12
30.08.2025;11:00;43.676,92
30.08.2025;12:00;43.356,60
30.08.2025;13:00;44.424,73
30.08.2025;14:00;44.592,53
30.08.2025;15:00;44.370,76
30.08.2025;16:00;44.137,02
30.08.2025;17:00;44.064,48
30.08.2025;18:00;44.372,92
30.08.2025;19:00;45.444,76
30.08.2025;20:00;45.498,69
30.08.2025;21:00;43.811,87
30.08.2025;22:00;42.327,24
30.08.2025;23:00;40.653,52
31.08.2025;00:00;38.987,11
31.08.2025;01:00;37.493,23
31.08.2025;02:00;35.880,59
31.08.2025;03:00;34.772,64
31.08.2025;04:00;33.938,87
31.08.2025;05:00;33.476,31
31.08.2025;06:00;32.203,03
31.08.2025;07:00;32.359,92
31.08.2025;08:00;33.645,91
31.08.2025;09:00;35.617,67
31.08.2025;10:00;37.863,60
31.08.2025;11:00;39.234,72
31.08.2025;12:00;39.750,60
31.08.2025;13:00;41.013,42
31.08.2025;14:00;41.339,99
31.08.2025;15:00;41.952,61
31.08.2025;16:00;42.151,71
31.08.2025;17:00;42.405,94
31.08.2025;18:00;43.010,35
31.08.2025;19:00;44.341,71
31.08.2025;20:00;44.844,35
31.08.2025;21:00;43.960,62
31.08.2025;22:00;42.450,70
31.08.2025;23:00;40.986,94
1.09.2025;00:00;39.543,78
1.09.2025;01:00;37.672,59
1.09.2025;02:00;36.252,36
1.09.2025;03:00;35.179,71
1.09.2025;04:00;34.565,00
1.09.2025;05:00;34.331,99
1.09.2025;06:00;33.945,98
1.09.2025;07:00;36.738,26
1.09.2025;08:00;43.476,19
1.09.2025;09:00;47.207,32
1.09.2025;10:00;49.187,95
1.09.2025;11:00;50.646,65
1.09.2025;12:00;49.913,32
1.09.2025;13:00;51.249,03
1.09.2025;14:00;52.653,47
1.09.2025;15:00;50.843,83
1.09.2025;16:00;50.913,60
1.09.2025;17:00;51.674,68
1.09.2025;18:00;50.459,91
1.09.2025;19:00;50.887,29
1.09.2025;20:00;50.893,75
1.09.2025;21:00;49.288,16
1.09.2025;22:00;47.343,07
1.09.2025;23:00;45.134,22
